term,estimate,std.error,statistic,p.value,conf.low,conf.high,Model,Outcome,OR,conf.low_OR,conf.high_OR
uhi_quartileQ2,0.002585920218633575,0.01392952843293106,0.18564305540452844,0.8527246870807003,-0.02471545383153795,0.0298872942688051,Unadjusted,outcome_readmit,1.0025892665941871,0.9755874722143344,1.0303384023662752
uhi_quartileQ3,9.081363858687297e-5,0.014770358663806703,0.006148370574737821,0.9950943409520054,-0.02885855738121341,0.029040184658387157,Unadjusted,outcome_readmit,1.0000908177622703,0.9715538738728154,1.029465962381967
uhi_quartileQ4 (High),-0.020305974903748858,0.01721484073389676,-1.1795621706662391,0.23817439610947136,-0.05404644274177957,0.013434492934281853,Unadjusted,outcome_readmit,0.9798988029907706,0.9473881061788781,1.0135251412175186
uhi_quartileQ2,0.009010481622684863,0.011924298554722594,0.7556403910330037,0.44986483213585204,-0.014360714085474433,0.032381677330844155,Clinical Adj.,outcome_readmit,1.009051198212368,0.9857419091341507,1.0329116690474907
uhi_quartileQ3,0.001445777874140096,0.012598886778057762,0.11475441438667934,0.9086397823224288,-0.023247586456150993,0.026139142204431184,Clinical Adj.,outcome_readmit,1.0014468235148315,0.9770205567683511,1.0264837657512358
uhi_quartileQ4 (High),-0.019049854474013563,0.01513612049738236,-1.2585691609225786,0.20818599184874728,-0.04871610551454147,0.010616396566514343,Clinical Adj.,outcome_readmit,0.9811304472811134,0.952451487045048,1.0106729504602148
uhi_quartileQ2,0.011396694464431366,0.011967125518181108,0.9523334945486188,0.34092787610551745,-0.01205844054967383,0.03485182947853656,Fully Adj.,outcome_readmit,1.0114618842005805,0.9880139710951604,1.0354662718550294
uhi_quartileQ3,0.0031899694025788183,0.012488561838229073,0.2554312853553655,0.7983900097799392,-0.02128716201905149,0.027667100824209128,Fully Adj.,outcome_readmit,1.0031950627694284,0.9789378104448254,1.0280533893237334
uhi_quartileQ4 (High),-0.018068672853990365,0.014945312964694752,-1.2089859139566976,0.22666825706621954,-0.047360948002471606,0.011223602294490879,Fully Adj.,outcome_readmit,0.9820935868729941,0.9537430837934544,1.0112868232195118
uhi_quartileQ2,0.08333918901469506,0.019737982284207492,4.222274993192966,2.4184878600262647e-5,0.04465345461015876,0.12202492341923135,Unadjusted,outcome_mortality,1.086910414103648,1.045665426579647,1.1297822594663172
uhi_quartileQ3,0.05096703036376038,0.02246503402372655,2.2687270497757233,0.023284929597412324,0.006936372765789421,0.09499768796173133,Unadjusted,outcome_mortality,1.0522881991521353,1.006960485117876,1.0996563126756866
uhi_quartileQ4 (High),-0.03462405854204054,0.024235834985131845,-1.4286307264957712,0.1531103979124135,-0.08212542224815478,0.012877305164073698,Unadjusted,outcome_mortality,0.9659684956095822,0.921156417941969,1.0129605747034185
uhi_quartileQ2,0.11235331388463579,0.022949639154403394,4.895646207277221,9.798320992262935e-7,0.0673728476838149,0.15733378008545668,Clinical Adj.,outcome_mortality,1.1189081165894497,1.0696942368504563,1.170386200318263
uhi_quartileQ3,0.05963478941073328,0.025804459073385633,2.311026526118495,0.02083138975908774,0.009058978986359642,0.11021059983510692,Clinical Adj.,outcome_mortality,1.0614488233990997,1.0091001357219547,1.116513183192926
uhi_quartileQ4 (High),-0.031932394065645735,0.027997169033717257,-1.1405579623850273,0.25405391922918574,-0.0868058370408116,0.02294104890952014,Clinical Adj.,outcome_mortality,0.9685720610849671,0.9168550976508006,1.0232062186468684
uhi_quartileQ2,0.08952216056624034,0.022990597662626247,3.8938596499284786,9.866174661827566e-5,0.04446141716444216,0.13458290396803851,Fully Adj.,outcome_mortality,1.09365156898185,1.045464638942042,1.1440595021433044
uhi_quartileQ3,0.06735863679423676,0.026768370671442505,2.5163517653354024,0.011857676874895706,0.014893594353391201,0.11982367923508232,Fully Adj.,outcome_mortality,1.0696790356517856,1.0150050566001307,1.1272980679974145
uhi_quartileQ4 (High),-0.011627307425628968,0.02714919355574529,-0.42827450479347323,0.6684512784765045,-0.06483874900419664,0.04158413415293871,Fully Adj.,outcome_mortality,0.9884400284822453,0.9372185786224224,1.0424608647238436
uhi_quartileQ2,-0.017019677730841565,0.02076810499414804,-0.8195103855473239,0.4124952790395305,-0.05772441554651814,0.023685060084835008,Unadjusted,outcome_comp,0.9831243387884466,0.9439100385287257,1.023967778777687
uhi_quartileQ3,-0.014354270552144222,0.021158506557777297,-0.6784160551666147,0.4975079322022338,-0.05582418137204226,0.027115640267753816,Unadjusted,outcome_comp,0.9857482608154609,0.9457053938991481,1.0274866147208734
uhi_quartileQ4 (High),-0.03276663065625396,0.0220324417858356,-1.487199238956766,0.13696219701752696,-0.07594942304796708,0.010416161735459159,Unadjusted,outcome_comp,0.9677643797764619,0.9268630832836356,1.0104705987923295
uhi_quartileQ2,-0.011583058337621965,0.020302695775768063,-0.5705182437618322,0.5683262518997465,-0.051375610847200846,0.028209494171956916,Clinical Adj.,outcome_comp,0.9884837670197434,0.9499218025818437,1.0286111498923691
uhi_quartileQ3,-0.01192776386320235,0.020703637751549483,-0.5761192311389656,0.5645345935523933,-0.05250614820520315,0.028650620478798447,Clinical Adj.,outcome_comp,0.9881430899233172,0.948848487322661,1.0290649974247805
uhi_quartileQ4 (High),-0.0318827956854222,0.021550417334498508,-1.4794514273458328,0.13901970402242067,-0.07412083751284693,0.010355246142002533,Clinical Adj.,outcome_comp,0.9686201018816897,0.9285594822433738,1.0104090472508769
uhi_quartileQ2,-0.00791899023893792,0.021068694655101076,-0.3758652526211729,0.7070170739318822,-0.04921287296420755,0.033374892486331714,Fully Adj.,outcome_comp,0.9921122823606805,0.9519784576514285,1.033938082211646
uhi_quartileQ3,-0.010691093656982856,0.020854929322562273,-0.5126410879473232,0.6082024062049796,-0.05156600402933321,0.030183816715367497,Fully Adj.,outcome_comp,0.9893658529635813,0.949740961163106,1.0306439661311506
uhi_quartileQ4 (High),-0.0319290987951688,0.02171138494127195,-1.4706154803820752,0.14139513505945311,-0.07448263133454708,0.010624433744209481,Fully Adj.,outcome_comp,0.9685752527971435,0.9282235959240784,1.0106810734509521
uhi_quartileQ2,0.02475010710275128,0.021391463678802278,1.1570085840959647,0.24726885324518386,-0.017176391284297862,0.06667660548980042,Unadjusted,outcome_to,1.0250589335693514,0.9829702819515381,1.0689497297967543
uhi_quartileQ3,0.015849843356268847,0.02203055885076001,0.7194480840744564,0.47186487909484914,-0.02732925855051088,0.05902894526304857,Unadjusted,outcome_to,1.0159761183878577,0.9730408067686656,1.0608059456029157
uhi_quartileQ4 (High),0.007821649794895368,0.023963801898186667,0.3263943604661174,0.7441260038079784,-0.03914653885820307,0.0547898384479938,Unadjusted,outcome_to,1.007852318806262,0.9616097856212108,1.0563185937911006
uhi_quartileQ2,0.011109945208154634,0.01581045018431978,0.702696322915148,0.4822450197071795,-0.019877967732476784,0.04209785814878605,Clinical Adj.,outcome_to,1.0111718898373547,0.9803182964722768,1.0429965394674878
uhi_quartileQ3,0.012803335390459875,0.016621315507509518,0.7702961528331089,0.4411242379626226,-0.019773844379935863,0.04538051516085562,Clinical Adj.,outcome_to,1.0128856490101803,0.9804203758141922,1.0464259651058176
uhi_quartileQ4 (High),0.008055946868198521,0.017943605106400636,0.44895921529865235,0.6534610781022343,-0.02711287289315572,0.04322476662955276,Clinical Adj.,outcome_to,1.008088483320127,0.9732513816251392,1.0441725636245673
uhi_quartileQ2,0.0086664579300732,0.01412623735701647,0.6135008007470999,0.5395452534682232,-0.019020458526743354,0.03635337438688975,Fully Adj.,outcome_to,1.0087041203980436,0.9811592889639191,1.0370222388481176
uhi_quartileQ3,0.00693145906205427,0.015276359906063861,0.45373761188376216,0.650017692264957,-0.023009656168702573,0.036872574292811114,Fully Adj.,outcome_to,1.0069555372245353,0.9772530472074277,1.037560800495446
uhi_quartileQ4 (High),0.00228216383179614,0.01664552462065975,0.1371037491340832,0.8909487890757204,-0.030342464928471705,0.03490679259206399,Fully Adj.,outcome_to,1.002284769949826,0.9701132468897868,1.0355231858693545
uhi_quartileQ2,-0.06898578086930907,0.03387864348128924,-2.0362616026054607,0.04172409332574961,-0.13538670193770863,-0.0025848598009095003,Unadjusted,outcome_los,0.9333399512665955,0.8733781093705927,0.997418478072588
uhi_quartileQ3,-0.028485226463268454,0.03446698927587398,-0.8264495118872304,0.40854914695173133,-0.09603928409950971,0.0390688311729728,Unadjusted,outcome_los,0.9719166526864416,0.908428328578878,1.0398420547353027
uhi_quartileQ4 (High),0.02319742042053763,0.03966688428494817,0.5848057098182533,0.5586783646478725,-0.05454824415687862,0.10094308499795387,Unadjusted,outcome_los,1.0234685731999051,0.9469128247449707,1.1062136798178506
uhi_quartileQ2,-0.049191868848867656,0.025859103809596624,-1.9023036997365688,0.05713146229183449,-0.09987478098815952,0.0014910432904242168,Clinical Adj.,outcome_los,0.951998453326749,0.9049507279774537,1.0014921554481608
uhi_quartileQ3,-0.019552072989111265,0.02674617958680411,-0.7310230205273042,0.4647650919227302,-0.0719736217032877,0.032869475725065156,Clinical Adj.,outcome_los,0.9806378291160985,0.9305554419550167,1.033415644610266
uhi_quartileQ4 (High),0.0283802742711143,0.031314298877871585,0.9063039981128037,0.36477496991894487,-0.03299462373063701,0.08975517227286561,Clinical Adj.,outcome_los,1.0287868312075514,0.9675437613509305,1.0939064322923062
uhi_quartileQ2,-0.009067073962789565,0.021870147631224735,-0.4145867744323867,0.6784444316203155,-0.051931775656564004,0.033797627730984874,Fully Adj.,outcome_los,0.990973907996649,0.9493936363909395,1.034375256677803
uhi_quartileQ3,-0.004951851681747795,0.02351910427631812,-0.21054592996272897,0.833241608012567,-0.051048449011973265,0.04114474564847767,Fully Adj.,outcome_los,0.995060388523563,0.9502326315850201,1.0420029200187206
uhi_quartileQ4 (High),0.027516017667277667,0.029133783784603795,0.9444711291438546,0.3449289484811633,-0.029585149283922786,0.08461718461847811,Fully Adj.,outcome_los,1.0278980795048245,0.9708482070919435,1.088300368823408
uhi_quartileQ2,-0.0800880809160257,0.023421850041055087,-3.4193746768783413,6.276523705191373e-4,-0.12599406344779165,-0.034182098384259764,Unadjusted,outcome_urgent,0.9230350410340252,0.8816200805515169,0.9663955095529372
uhi_quartileQ3,-0.03265191006986279,0.024937018592991446,-1.309375054122934,0.19040733728259712,-0.0815275683939317,0.016223748254206125,Unadjusted,outcome_urgent,0.9678754086421248,0.921707299513705,1.0163560678627683
uhi_quartileQ4 (High),-2.960696600000645e-4,0.026730678571383112,-0.011076024845737583,0.9911627914698785,-0.05268723694222753,0.0520950976222274,Unadjusted,outcome_urgent,0.9997039741642966,0.9486766771053814,1.053475920805073
uhi_quartileQ2,-0.0817889895841734,0.022616052532973763,-3.616413141282133,2.9871348765437314e-4,-0.12611563802126782,-0.03746234114707897,Clinical Adj.,outcome_urgent,0.9214663771868844,0.8815129044813304,0.9632306912007376
uhi_quartileQ3,-0.025823322387818943,0.024143030769831226,-1.069597377148166,0.28480057629575656,-0.07314279317433046,0.021496148398692582,Clinical Adj.,outcome_urgent,0.9745072480136657,0.9294680988491917,1.0217288550376096
uhi_quartileQ4 (High),0.01956349727474606,0.02637422349219564,0.7417658108696571,0.45822923842697494,-0.03212903089016759,0.0712560254396597,Clinical Adj.,outcome_urgent,1.0197561165392284,0.9683816228747508,1.0738561251628256
uhi_quartileQ2,-0.03407956832155178,0.018595567687809615,-1.8326715749523879,0.06685142691868176,-0.07052621126173539,0.002367074618631816,Fully Adj.,outcome_urgent,0.9664945992248808,0.9319033128440296,1.0023698783515353
uhi_quartileQ3,-0.011238286967183465,0.020001157335376392,-0.561881834072977,0.5741965313839021,-0.0504398349936403,0.027963261059273367,Fully Adj.,outcome_urgent,0.9888246266787044,0.9508111325093094,1.0283579029473615
uhi_quartileQ4 (High),0.012759339541782905,0.022698498800823048,0.5621226167309465,0.5740324799356527,-0.03172890061095586,0.05724757969452167,Fully Adj.,outcome_urgent,1.0128410872267135,0.9687691792152378,1.0589179445258463
